nodeID,y,x,aisle,aisle_numn,CorrID,corridor,cellID
0.0,5.0,0.0,A1,1.0,1.0,Corr1,1.0
419.0,6.0,-0.0,A1,1.0,1.0,Corr1,1.0
420.0,6.0,0.0,A1,1.0,1.0,Corr1,1.0
421.0,7.0,-0.0,A1,1.0,1.0,Corr1,1.0
422.0,7.0,0.0,A1,1.0,1.0,Corr1,1.0
423.0,8.0,-0.0,A1,1.0,1.0,Corr1,2.0
424.0,8.0,0.0,A1,1.0,1.0,Corr1,2.0
425.0,9.0,-0.0,A1,1.0,1.0,Corr1,2.0
426.0,9.0,0.0,A1,1.0,1.0,Corr1,2.0
427.0,10.0,-0.0,A1,1.0,1.0,Corr1,2.0
428.0,10.0,0.0,A1,1.0,1.0,Corr1,2.0
429.0,11.0,-0.0,A1,1.0,1.0,Corr1,3.0
430.0,11.0,0.0,A1,1.0,1.0,Corr1,3.0
431.0,12.0,-0.0,A1,1.0,1.0,Corr1,3.0
432.0,12.0,0.0,A1,1.0,1.0,Corr1,3.0
433.0,13.0,-0.0,A1,1.0,1.0,Corr1,3.0
434.0,13.0,0.0,A1,1.0,1.0,Corr1,3.0
435.0,14.0,-0.0,A1,1.0,1.0,Corr1,4.0
436.0,14.0,0.0,A1,1.0,1.0,Corr1,4.0
437.0,15.0,-0.0,A1,1.0,1.0,Corr1,4.0
438.0,15.0,0.0,A1,1.0,1.0,Corr1,4.0
439.0,16.0,-0.0,A1,1.0,1.0,Corr1,4.0
440.0,16.0,0.0,A1,1.0,1.0,Corr1,4.0
441.0,17.0,-0.0,A1,1.0,1.0,Corr1,5.0
442.0,17.0,0.0,A1,1.0,1.0,Corr1,5.0
443.0,18.0,-0.0,A1,1.0,1.0,Corr1,5.0
444.0,18.0,0.0,A1,1.0,1.0,Corr1,5.0
445.0,19.0,-0.0,A1,1.0,1.0,Corr1,5.0
446.0,19.0,0.0,A1,1.0,1.0,Corr1,5.0
447.0,20.0,-0.0,A1,1.0,1.0,Corr1,6.0
448.0,20.0,0.0,A1,1.0,1.0,Corr1,6.0
449.0,21.0,-0.0,A1,1.0,1.0,Corr1,6.0
450.0,21.0,0.0,A1,1.0,1.0,Corr1,6.0
451.0,22.0,-0.0,A1,1.0,1.0,Corr1,6.0
452.0,22.0,0.0,A1,1.0,1.0,Corr1,6.0
453.0,23.0,-0.0,A1,1.0,1.0,Corr1,7.0
454.0,23.0,0.0,A1,1.0,1.0,Corr1,7.0
455.0,24.0,-0.0,A1,1.0,1.0,Corr1,7.0
456.0,24.0,0.0,A1,1.0,1.0,Corr1,7.0
457.0,25.0,-0.0,A1,1.0,1.0,Corr1,7.0
458.0,25.0,0.0,A1,1.0,1.0,Corr1,7.0
459.0,26.0,-0.0,A1,1.0,1.0,Corr1,8.0
460.0,26.0,0.0,A1,1.0,1.0,Corr1,8.0
461.0,27.0,-0.0,A1,1.0,1.0,Corr1,8.0
462.0,27.0,0.0,A1,1.0,1.0,Corr1,8.0
463.0,28.0,-0.0,A1,1.0,1.0,Corr1,8.0
464.0,28.0,0.0,A1,1.0,1.0,Corr1,8.0
465.0,29.0,-0.0,A1,1.0,1.0,Corr1,9.0
466.0,29.0,0.0,A1,1.0,1.0,Corr1,9.0
467.0,30.0,-0.0,A1,1.0,1.0,Corr1,9.0
468.0,30.0,0.0,A1,1.0,1.0,Corr1,9.0
469.0,31.0,-0.0,A1,1.0,1.0,Corr1,9.0
470.0,31.0,0.0,A1,1.0,1.0,Corr1,9.0
471.0,32.0,-0.0,A1,1.0,1.0,Corr1,10.0
472.0,32.0,0.0,A1,1.0,1.0,Corr1,10.0
473.0,33.0,-0.0,A1,1.0,1.0,Corr1,10.0
474.0,33.0,0.0,A1,1.0,1.0,Corr1,10.0
475.0,34.0,-0.0,A1,1.0,1.0,Corr1,10.0
476.0,34.0,0.0,A1,1.0,1.0,Corr1,10.0
1.0,5.0,4.0,A3,3.0,2.0,Corr2,1.0
27.0,6.0,4.0,A3,3.0,2.0,Corr2,1.0
28.0,7.0,4.0,A3,3.0,2.0,Corr2,1.0
29.0,8.0,4.0,A3,3.0,2.0,Corr2,2.0
30.0,9.0,4.0,A3,3.0,2.0,Corr2,2.0
31.0,10.0,4.0,A3,3.0,2.0,Corr2,2.0
32.0,11.0,4.0,A3,3.0,2.0,Corr2,3.0
33.0,12.0,4.0,A3,3.0,2.0,Corr2,3.0
34.0,13.0,4.0,A3,3.0,2.0,Corr2,3.0
35.0,14.0,4.0,A3,3.0,2.0,Corr2,4.0
36.0,15.0,4.0,A3,3.0,2.0,Corr2,4.0
37.0,16.0,4.0,A3,3.0,2.0,Corr2,4.0
38.0,17.0,4.0,A3,3.0,2.0,Corr2,5.0
39.0,18.0,4.0,A3,3.0,2.0,Corr2,5.0
40.0,19.0,4.0,A3,3.0,2.0,Corr2,5.0
41.0,20.0,4.0,A3,3.0,2.0,Corr2,6.0
42.0,21.0,4.0,A3,3.0,2.0,Corr2,6.0
43.0,22.0,4.0,A3,3.0,2.0,Corr2,6.0
44.0,23.0,4.0,A3,3.0,2.0,Corr2,7.0
45.0,24.0,4.0,A3,3.0,2.0,Corr2,7.0
46.0,25.0,4.0,A3,3.0,2.0,Corr2,7.0
47.0,26.0,4.0,A3,3.0,2.0,Corr2,8.0
48.0,27.0,4.0,A3,3.0,2.0,Corr2,8.0
49.0,28.0,4.0,A3,3.0,2.0,Corr2,8.0
50.0,29.0,4.0,A3,3.0,2.0,Corr2,9.0
51.0,30.0,4.0,A3,3.0,2.0,Corr2,9.0
52.0,31.0,4.0,A3,3.0,2.0,Corr2,9.0
53.0,32.0,4.0,A3,3.0,2.0,Corr2,10.0
54.0,33.0,4.0,A3,3.0,2.0,Corr2,10.0
55.0,34.0,4.0,A3,3.0,2.0,Corr2,10.0
2.0,5.0,8.0,A5,5.0,3.0,Corr3,1.0
83.0,6.0,8.0,A5,5.0,3.0,Corr3,1.0
84.0,7.0,8.0,A5,5.0,3.0,Corr3,1.0
85.0,8.0,8.0,A5,5.0,3.0,Corr3,2.0
86.0,9.0,8.0,A5,5.0,3.0,Corr3,2.0
87.0,10.0,8.0,A5,5.0,3.0,Corr3,2.0
88.0,11.0,8.0,A5,5.0,3.0,Corr3,3.0
89.0,12.0,8.0,A5,5.0,3.0,Corr3,3.0
90.0,13.0,8.0,A5,5.0,3.0,Corr3,3.0
91.0,14.0,8.0,A5,5.0,3.0,Corr3,4.0
92.0,15.0,8.0,A5,5.0,3.0,Corr3,4.0
93.0,16.0,8.0,A5,5.0,3.0,Corr3,4.0
94.0,17.0,8.0,A5,5.0,3.0,Corr3,5.0
95.0,18.0,8.0,A5,5.0,3.0,Corr3,5.0
96.0,19.0,8.0,A5,5.0,3.0,Corr3,5.0
97.0,20.0,8.0,A5,5.0,3.0,Corr3,6.0
98.0,21.0,8.0,A5,5.0,3.0,Corr3,6.0
99.0,22.0,8.0,A5,5.0,3.0,Corr3,6.0
100.0,23.0,8.0,A5,5.0,3.0,Corr3,7.0
101.0,24.0,8.0,A5,5.0,3.0,Corr3,7.0
102.0,25.0,8.0,A5,5.0,3.0,Corr3,7.0
103.0,26.0,8.0,A5,5.0,3.0,Corr3,8.0
104.0,27.0,8.0,A5,5.0,3.0,Corr3,8.0
105.0,28.0,8.0,A5,5.0,3.0,Corr3,8.0
106.0,29.0,8.0,A5,5.0,3.0,Corr3,9.0
107.0,30.0,8.0,A5,5.0,3.0,Corr3,9.0
108.0,31.0,8.0,A5,5.0,3.0,Corr3,9.0
109.0,32.0,8.0,A5,5.0,3.0,Corr3,10.0
110.0,33.0,8.0,A5,5.0,3.0,Corr3,10.0
111.0,34.0,8.0,A5,5.0,3.0,Corr3,10.0
3.0,5.0,12.0,A7,7.0,4.0,Corr4,1.0
139.0,6.0,12.0,A7,7.0,4.0,Corr4,1.0
140.0,7.0,12.0,A7,7.0,4.0,Corr4,1.0
141.0,8.0,12.0,A7,7.0,4.0,Corr4,2.0
142.0,9.0,12.0,A7,7.0,4.0,Corr4,2.0
143.0,10.0,12.0,A7,7.0,4.0,Corr4,2.0
144.0,11.0,12.0,A7,7.0,4.0,Corr4,3.0
145.0,12.0,12.0,A7,7.0,4.0,Corr4,3.0
146.0,13.0,12.0,A7,7.0,4.0,Corr4,3.0
147.0,14.0,12.0,A7,7.0,4.0,Corr4,4.0
148.0,15.0,12.0,A7,7.0,4.0,Corr4,4.0
149.0,16.0,12.0,A7,7.0,4.0,Corr4,4.0
150.0,17.0,12.0,A7,7.0,4.0,Corr4,5.0
151.0,18.0,12.0,A7,7.0,4.0,Corr4,5.0
152.0,19.0,12.0,A7,7.0,4.0,Corr4,5.0
153.0,20.0,12.0,A7,7.0,4.0,Corr4,6.0
154.0,21.0,12.0,A7,7.0,4.0,Corr4,6.0
155.0,22.0,12.0,A7,7.0,4.0,Corr4,6.0
156.0,23.0,12.0,A7,7.0,4.0,Corr4,7.0
157.0,24.0,12.0,A7,7.0,4.0,Corr4,7.0
158.0,25.0,12.0,A7,7.0,4.0,Corr4,7.0
159.0,26.0,12.0,A7,7.0,4.0,Corr4,8.0
160.0,27.0,12.0,A7,7.0,4.0,Corr4,8.0
161.0,28.0,12.0,A7,7.0,4.0,Corr4,8.0
162.0,29.0,12.0,A7,7.0,4.0,Corr4,9.0
163.0,30.0,12.0,A7,7.0,4.0,Corr4,9.0
164.0,31.0,12.0,A7,7.0,4.0,Corr4,9.0
165.0,32.0,12.0,A7,7.0,4.0,Corr4,10.0
166.0,33.0,12.0,A7,7.0,4.0,Corr4,10.0
167.0,34.0,12.0,A7,7.0,4.0,Corr4,10.0
4.0,5.0,16.0,A9,9.0,5.0,Corr5,1.0
195.0,6.0,16.0,A9,9.0,5.0,Corr5,1.0
196.0,7.0,16.0,A9,9.0,5.0,Corr5,1.0
197.0,8.0,16.0,A9,9.0,5.0,Corr5,2.0
198.0,9.0,16.0,A9,9.0,5.0,Corr5,2.0
199.0,10.0,16.0,A9,9.0,5.0,Corr5,2.0
200.0,11.0,16.0,A9,9.0,5.0,Corr5,3.0
201.0,12.0,16.0,A9,9.0,5.0,Corr5,3.0
202.0,13.0,16.0,A9,9.0,5.0,Corr5,3.0
203.0,14.0,16.0,A9,9.0,5.0,Corr5,4.0
204.0,15.0,16.0,A9,9.0,5.0,Corr5,4.0
205.0,16.0,16.0,A9,9.0,5.0,Corr5,4.0
206.0,17.0,16.0,A9,9.0,5.0,Corr5,5.0
207.0,18.0,16.0,A9,9.0,5.0,Corr5,5.0
208.0,19.0,16.0,A9,9.0,5.0,Corr5,5.0
209.0,20.0,16.0,A9,9.0,5.0,Corr5,6.0
210.0,21.0,16.0,A9,9.0,5.0,Corr5,6.0
211.0,22.0,16.0,A9,9.0,5.0,Corr5,6.0
212.0,23.0,16.0,A9,9.0,5.0,Corr5,7.0
213.0,24.0,16.0,A9,9.0,5.0,Corr5,7.0
214.0,25.0,16.0,A9,9.0,5.0,Corr5,7.0
215.0,26.0,16.0,A9,9.0,5.0,Corr5,8.0
216.0,27.0,16.0,A9,9.0,5.0,Corr5,8.0
217.0,28.0,16.0,A9,9.0,5.0,Corr5,8.0
218.0,29.0,16.0,A9,9.0,5.0,Corr5,9.0
219.0,30.0,16.0,A9,9.0,5.0,Corr5,9.0
220.0,31.0,16.0,A9,9.0,5.0,Corr5,9.0
221.0,32.0,16.0,A9,9.0,5.0,Corr5,10.0
222.0,33.0,16.0,A9,9.0,5.0,Corr5,10.0
223.0,34.0,16.0,A9,9.0,5.0,Corr5,10.0
5.0,5.0,20.0,A11,11.0,6.0,Corr6,1.0
251.0,6.0,20.0,A11,11.0,6.0,Corr6,1.0
252.0,7.0,20.0,A11,11.0,6.0,Corr6,1.0
253.0,8.0,20.0,A11,11.0,6.0,Corr6,2.0
254.0,9.0,20.0,A11,11.0,6.0,Corr6,2.0
255.0,10.0,20.0,A11,11.0,6.0,Corr6,2.0
256.0,11.0,20.0,A11,11.0,6.0,Corr6,3.0
257.0,12.0,20.0,A11,11.0,6.0,Corr6,3.0
258.0,13.0,20.0,A11,11.0,6.0,Corr6,3.0
259.0,14.0,20.0,A11,11.0,6.0,Corr6,4.0
260.0,15.0,20.0,A11,11.0,6.0,Corr6,4.0
261.0,16.0,20.0,A11,11.0,6.0,Corr6,4.0
262.0,17.0,20.0,A11,11.0,6.0,Corr6,5.0
263.0,18.0,20.0,A11,11.0,6.0,Corr6,5.0
264.0,19.0,20.0,A11,11.0,6.0,Corr6,5.0
265.0,20.0,20.0,A11,11.0,6.0,Corr6,6.0
266.0,21.0,20.0,A11,11.0,6.0,Corr6,6.0
267.0,22.0,20.0,A11,11.0,6.0,Corr6,6.0
268.0,23.0,20.0,A11,11.0,6.0,Corr6,7.0
269.0,24.0,20.0,A11,11.0,6.0,Corr6,7.0
270.0,25.0,20.0,A11,11.0,6.0,Corr6,7.0
271.0,26.0,20.0,A11,11.0,6.0,Corr6,8.0
272.0,27.0,20.0,A11,11.0,6.0,Corr6,8.0
273.0,28.0,20.0,A11,11.0,6.0,Corr6,8.0
274.0,29.0,20.0,A11,11.0,6.0,Corr6,9.0
275.0,30.0,20.0,A11,11.0,6.0,Corr6,9.0
276.0,31.0,20.0,A11,11.0,6.0,Corr6,9.0
277.0,32.0,20.0,A11,11.0,6.0,Corr6,10.0
278.0,33.0,20.0,A11,11.0,6.0,Corr6,10.0
279.0,34.0,20.0,A11,11.0,6.0,Corr6,10.0
6.0,5.0,24.0,A13,13.0,7.0,Corr7,1.0
307.0,6.0,24.0,A13,13.0,7.0,Corr7,1.0
308.0,7.0,24.0,A13,13.0,7.0,Corr7,1.0
309.0,8.0,24.0,A13,13.0,7.0,Corr7,2.0
310.0,9.0,24.0,A13,13.0,7.0,Corr7,2.0
311.0,10.0,24.0,A13,13.0,7.0,Corr7,2.0
312.0,11.0,24.0,A13,13.0,7.0,Corr7,3.0
313.0,12.0,24.0,A13,13.0,7.0,Corr7,3.0
314.0,13.0,24.0,A13,13.0,7.0,Corr7,3.0
315.0,14.0,24.0,A13,13.0,7.0,Corr7,4.0
316.0,15.0,24.0,A13,13.0,7.0,Corr7,4.0
317.0,16.0,24.0,A13,13.0,7.0,Corr7,4.0
318.0,17.0,24.0,A13,13.0,7.0,Corr7,5.0
319.0,18.0,24.0,A13,13.0,7.0,Corr7,5.0
320.0,19.0,24.0,A13,13.0,7.0,Corr7,5.0
321.0,20.0,24.0,A13,13.0,7.0,Corr7,6.0
322.0,21.0,24.0,A13,13.0,7.0,Corr7,6.0
323.0,22.0,24.0,A13,13.0,7.0,Corr7,6.0
324.0,23.0,24.0,A13,13.0,7.0,Corr7,7.0
325.0,24.0,24.0,A13,13.0,7.0,Corr7,7.0
326.0,25.0,24.0,A13,13.0,7.0,Corr7,7.0
327.0,26.0,24.0,A13,13.0,7.0,Corr7,8.0
328.0,27.0,24.0,A13,13.0,7.0,Corr7,8.0
329.0,28.0,24.0,A13,13.0,7.0,Corr7,8.0
330.0,29.0,24.0,A13,13.0,7.0,Corr7,9.0
331.0,30.0,24.0,A13,13.0,7.0,Corr7,9.0
332.0,31.0,24.0,A13,13.0,7.0,Corr7,9.0
333.0,32.0,24.0,A13,13.0,7.0,Corr7,10.0
334.0,33.0,24.0,A13,13.0,7.0,Corr7,10.0
335.0,34.0,24.0,A13,13.0,7.0,Corr7,10.0
7.0,5.0,28.0,A15,15.0,8.0,Corr8,1.0
363.0,6.0,28.0,A15,15.0,8.0,Corr8,1.0
364.0,7.0,28.0,A15,15.0,8.0,Corr8,1.0
365.0,8.0,28.0,A15,15.0,8.0,Corr8,2.0
366.0,9.0,28.0,A15,15.0,8.0,Corr8,2.0
367.0,10.0,28.0,A15,15.0,8.0,Corr8,2.0
368.0,11.0,28.0,A15,15.0,8.0,Corr8,3.0
369.0,12.0,28.0,A15,15.0,8.0,Corr8,3.0
370.0,13.0,28.0,A15,15.0,8.0,Corr8,3.0
371.0,14.0,28.0,A15,15.0,8.0,Corr8,4.0
372.0,15.0,28.0,A15,15.0,8.0,Corr8,4.0
373.0,16.0,28.0,A15,15.0,8.0,Corr8,4.0
374.0,17.0,28.0,A15,15.0,8.0,Corr8,5.0
375.0,18.0,28.0,A15,15.0,8.0,Corr8,5.0
376.0,19.0,28.0,A15,15.0,8.0,Corr8,5.0
377.0,20.0,28.0,A15,15.0,8.0,Corr8,6.0
378.0,21.0,28.0,A15,15.0,8.0,Corr8,6.0
379.0,22.0,28.0,A15,15.0,8.0,Corr8,6.0
380.0,23.0,28.0,A15,15.0,8.0,Corr8,7.0
381.0,24.0,28.0,A15,15.0,8.0,Corr8,7.0
382.0,25.0,28.0,A15,15.0,8.0,Corr8,7.0
383.0,26.0,28.0,A15,15.0,8.0,Corr8,8.0
384.0,27.0,28.0,A15,15.0,8.0,Corr8,8.0
385.0,28.0,28.0,A15,15.0,8.0,Corr8,8.0
386.0,29.0,28.0,A15,15.0,8.0,Corr8,9.0
387.0,30.0,28.0,A15,15.0,8.0,Corr8,9.0
388.0,31.0,28.0,A15,15.0,8.0,Corr8,9.0
389.0,32.0,28.0,A15,15.0,8.0,Corr8,10.0
390.0,33.0,28.0,A15,15.0,8.0,Corr8,10.0
391.0,34.0,28.0,A15,15.0,8.0,Corr8,10.0
8.0,5.0,32.0,A17,17.0,9.0,Corr9,1.0
491.0,6.0,32.0,A17,17.0,9.0,Corr9,1.0
492.0,6.0,32.0,A17,17.0,9.0,Corr9,1.0
493.0,7.0,32.0,A17,17.0,9.0,Corr9,1.0
494.0,7.0,32.0,A17,17.0,9.0,Corr9,1.0
495.0,8.0,32.0,A17,17.0,9.0,Corr9,2.0
496.0,8.0,32.0,A17,17.0,9.0,Corr9,2.0
497.0,9.0,32.0,A17,17.0,9.0,Corr9,2.0
498.0,9.0,32.0,A17,17.0,9.0,Corr9,2.0
499.0,10.0,32.0,A17,17.0,9.0,Corr9,2.0
500.0,10.0,32.0,A17,17.0,9.0,Corr9,2.0
501.0,11.0,32.0,A17,17.0,9.0,Corr9,3.0
502.0,11.0,32.0,A17,17.0,9.0,Corr9,3.0
503.0,12.0,32.0,A17,17.0,9.0,Corr9,3.0
504.0,12.0,32.0,A17,17.0,9.0,Corr9,3.0
505.0,13.0,32.0,A17,17.0,9.0,Corr9,3.0
506.0,13.0,32.0,A17,17.0,9.0,Corr9,3.0
507.0,14.0,32.0,A17,17.0,9.0,Corr9,4.0
508.0,14.0,32.0,A17,17.0,9.0,Corr9,4.0
509.0,15.0,32.0,A17,17.0,9.0,Corr9,4.0
510.0,15.0,32.0,A17,17.0,9.0,Corr9,4.0
511.0,16.0,32.0,A17,17.0,9.0,Corr9,4.0
512.0,16.0,32.0,A17,17.0,9.0,Corr9,4.0
513.0,17.0,32.0,A17,17.0,9.0,Corr9,5.0
514.0,17.0,32.0,A17,17.0,9.0,Corr9,5.0
515.0,18.0,32.0,A17,17.0,9.0,Corr9,5.0
516.0,18.0,32.0,A17,17.0,9.0,Corr9,5.0
517.0,19.0,32.0,A17,17.0,9.0,Corr9,5.0
518.0,19.0,32.0,A17,17.0,9.0,Corr9,5.0
519.0,20.0,32.0,A17,17.0,9.0,Corr9,6.0
520.0,20.0,32.0,A17,17.0,9.0,Corr9,6.0
521.0,21.0,32.0,A17,17.0,9.0,Corr9,6.0
522.0,21.0,32.0,A17,17.0,9.0,Corr9,6.0
523.0,22.0,32.0,A17,17.0,9.0,Corr9,6.0
524.0,22.0,32.0,A17,17.0,9.0,Corr9,6.0
525.0,23.0,32.0,A17,17.0,9.0,Corr9,7.0
526.0,23.0,32.0,A17,17.0,9.0,Corr9,7.0
527.0,24.0,32.0,A17,17.0,9.0,Corr9,7.0
528.0,24.0,32.0,A17,17.0,9.0,Corr9,7.0
529.0,25.0,32.0,A17,17.0,9.0,Corr9,7.0
530.0,25.0,32.0,A17,17.0,9.0,Corr9,7.0
531.0,26.0,32.0,A17,17.0,9.0,Corr9,8.0
532.0,26.0,32.0,A17,17.0,9.0,Corr9,8.0
533.0,27.0,32.0,A17,17.0,9.0,Corr9,8.0
534.0,27.0,32.0,A17,17.0,9.0,Corr9,8.0
535.0,28.0,32.0,A17,17.0,9.0,Corr9,8.0
536.0,28.0,32.0,A17,17.0,9.0,Corr9,8.0
537.0,29.0,32.0,A17,17.0,9.0,Corr9,9.0
538.0,29.0,32.0,A17,17.0,9.0,Corr9,9.0
539.0,30.0,32.0,A17,17.0,9.0,Corr9,9.0
540.0,30.0,32.0,A17,17.0,9.0,Corr9,9.0
541.0,31.0,32.0,A17,17.0,9.0,Corr9,9.0
542.0,31.0,32.0,A17,17.0,9.0,Corr9,9.0
543.0,32.0,32.0,A17,17.0,9.0,Corr9,10.0
544.0,32.0,32.0,A17,17.0,9.0,Corr9,10.0
545.0,33.0,32.0,A17,17.0,9.0,Corr9,10.0
546.0,33.0,32.0,A17,17.0,9.0,Corr9,10.0
547.0,34.0,32.0,A17,17.0,9.0,Corr9,10.0
548.0,34.0,32.0,A17,17.0,9.0,Corr9,10.0
9.0,12.0,2.0,A2,2.0,1.0,Corr1,3.0
18.0,33.0,2.0,A2,2.0,1.0,Corr1,10.0
477.0,5.0,2.0,A2,2.0,1.0,Corr1,1.0
478.0,5.0,2.0,A2,2.0,1.0,Corr1,1.0
479.0,6.0,2.0,A2,2.0,1.0,Corr1,1.0
480.0,6.0,2.0,A2,2.0,1.0,Corr1,1.0
481.0,7.0,2.0,A2,2.0,1.0,Corr1,1.0
482.0,7.0,2.0,A2,2.0,1.0,Corr1,1.0
483.0,8.0,2.0,A2,2.0,1.0,Corr1,2.0
484.0,8.0,2.0,A2,2.0,1.0,Corr1,2.0
485.0,9.0,2.0,A2,2.0,1.0,Corr1,2.0
486.0,9.0,2.0,A2,2.0,1.0,Corr1,2.0
487.0,10.0,2.0,A2,2.0,1.0,Corr1,2.0
488.0,10.0,2.0,A2,2.0,1.0,Corr1,2.0
489.0,11.0,2.0,A2,2.0,1.0,Corr1,3.0
490.0,11.0,2.0,A2,2.0,1.0,Corr1,3.0
563.0,13.0,2.0,A2,2.0,1.0,Corr1,3.0
564.0,13.0,2.0,A2,2.0,1.0,Corr1,3.0
565.0,14.0,2.0,A2,2.0,1.0,Corr1,4.0
566.0,14.0,2.0,A2,2.0,1.0,Corr1,4.0
567.0,15.0,2.0,A2,2.0,1.0,Corr1,4.0
568.0,15.0,2.0,A2,2.0,1.0,Corr1,4.0
569.0,16.0,2.0,A2,2.0,1.0,Corr1,4.0
570.0,16.0,2.0,A2,2.0,1.0,Corr1,4.0
571.0,17.0,2.0,A2,2.0,1.0,Corr1,5.0
572.0,17.0,2.0,A2,2.0,1.0,Corr1,5.0
573.0,18.0,2.0,A2,2.0,1.0,Corr1,5.0
574.0,18.0,2.0,A2,2.0,1.0,Corr1,5.0
575.0,19.0,2.0,A2,2.0,1.0,Corr1,5.0
576.0,19.0,2.0,A2,2.0,1.0,Corr1,5.0
577.0,20.0,2.0,A2,2.0,1.0,Corr1,6.0
578.0,20.0,2.0,A2,2.0,1.0,Corr1,6.0
579.0,21.0,2.0,A2,2.0,1.0,Corr1,6.0
580.0,21.0,2.0,A2,2.0,1.0,Corr1,6.0
581.0,22.0,2.0,A2,2.0,1.0,Corr1,6.0
582.0,22.0,2.0,A2,2.0,1.0,Corr1,6.0
583.0,23.0,2.0,A2,2.0,1.0,Corr1,7.0
584.0,23.0,2.0,A2,2.0,1.0,Corr1,7.0
585.0,24.0,2.0,A2,2.0,1.0,Corr1,7.0
586.0,24.0,2.0,A2,2.0,1.0,Corr1,7.0
587.0,25.0,2.0,A2,2.0,1.0,Corr1,7.0
588.0,25.0,2.0,A2,2.0,1.0,Corr1,7.0
589.0,26.0,2.0,A2,2.0,1.0,Corr1,8.0
590.0,26.0,2.0,A2,2.0,1.0,Corr1,8.0
591.0,27.0,2.0,A2,2.0,1.0,Corr1,8.0
592.0,27.0,2.0,A2,2.0,1.0,Corr1,8.0
593.0,28.0,2.0,A2,2.0,1.0,Corr1,8.0
594.0,28.0,2.0,A2,2.0,1.0,Corr1,8.0
595.0,29.0,2.0,A2,2.0,1.0,Corr1,9.0
596.0,29.0,2.0,A2,2.0,1.0,Corr1,9.0
597.0,30.0,2.0,A2,2.0,1.0,Corr1,9.0
598.0,30.0,2.0,A2,2.0,1.0,Corr1,9.0
599.0,31.0,2.0,A2,2.0,1.0,Corr1,9.0
600.0,31.0,2.0,A2,2.0,1.0,Corr1,9.0
601.0,32.0,2.0,A2,2.0,1.0,Corr1,10.0
602.0,32.0,2.0,A2,2.0,1.0,Corr1,10.0
10.0,12.0,6.0,A4,4.0,2.0,Corr2,3.0
19.0,33.0,6.0,A4,4.0,2.0,Corr2,10.0
56.0,5.0,6.0,A4,4.0,2.0,Corr2,1.0
57.0,6.0,6.0,A4,4.0,2.0,Corr2,1.0
58.0,7.0,6.0,A4,4.0,2.0,Corr2,1.0
59.0,8.0,6.0,A4,4.0,2.0,Corr2,2.0
60.0,9.0,6.0,A4,4.0,2.0,Corr2,2.0
61.0,10.0,6.0,A4,4.0,2.0,Corr2,2.0
62.0,11.0,6.0,A4,4.0,2.0,Corr2,3.0
63.0,13.0,6.0,A4,4.0,2.0,Corr2,3.0
64.0,14.0,6.0,A4,4.0,2.0,Corr2,4.0
65.0,15.0,6.0,A4,4.0,2.0,Corr2,4.0
66.0,16.0,6.0,A4,4.0,2.0,Corr2,4.0
67.0,17.0,6.0,A4,4.0,2.0,Corr2,5.0
68.0,18.0,6.0,A4,4.0,2.0,Corr2,5.0
69.0,19.0,6.0,A4,4.0,2.0,Corr2,5.0
70.0,20.0,6.0,A4,4.0,2.0,Corr2,6.0
71.0,21.0,6.0,A4,4.0,2.0,Corr2,6.0
72.0,22.0,6.0,A4,4.0,2.0,Corr2,6.0
73.0,23.0,6.0,A4,4.0,2.0,Corr2,7.0
74.0,24.0,6.0,A4,4.0,2.0,Corr2,7.0
75.0,25.0,6.0,A4,4.0,2.0,Corr2,7.0
76.0,26.0,6.0,A4,4.0,2.0,Corr2,8.0
77.0,27.0,6.0,A4,4.0,2.0,Corr2,8.0
78.0,28.0,6.0,A4,4.0,2.0,Corr2,8.0
79.0,29.0,6.0,A4,4.0,2.0,Corr2,9.0
80.0,30.0,6.0,A4,4.0,2.0,Corr2,9.0
81.0,31.0,6.0,A4,4.0,2.0,Corr2,9.0
82.0,32.0,6.0,A4,4.0,2.0,Corr2,10.0
11.0,12.0,10.0,A6,6.0,3.0,Corr3,3.0
20.0,33.0,10.0,A6,6.0,3.0,Corr3,10.0
112.0,5.0,10.0,A6,6.0,3.0,Corr3,1.0
113.0,6.0,10.0,A6,6.0,3.0,Corr3,1.0
114.0,7.0,10.0,A6,6.0,3.0,Corr3,1.0
115.0,8.0,10.0,A6,6.0,3.0,Corr3,2.0
116.0,9.0,10.0,A6,6.0,3.0,Corr3,2.0
117.0,10.0,10.0,A6,6.0,3.0,Corr3,2.0
118.0,11.0,10.0,A6,6.0,3.0,Corr3,3.0
119.0,13.0,10.0,A6,6.0,3.0,Corr3,3.0
120.0,14.0,10.0,A6,6.0,3.0,Corr3,4.0
121.0,15.0,10.0,A6,6.0,3.0,Corr3,4.0
122.0,16.0,10.0,A6,6.0,3.0,Corr3,4.0
123.0,17.0,10.0,A6,6.0,3.0,Corr3,5.0
124.0,18.0,10.0,A6,6.0,3.0,Corr3,5.0
125.0,19.0,10.0,A6,6.0,3.0,Corr3,5.0
126.0,20.0,10.0,A6,6.0,3.0,Corr3,6.0
127.0,21.0,10.0,A6,6.0,3.0,Corr3,6.0
128.0,22.0,10.0,A6,6.0,3.0,Corr3,6.0
129.0,23.0,10.0,A6,6.0,3.0,Corr3,7.0
130.0,24.0,10.0,A6,6.0,3.0,Corr3,7.0
131.0,25.0,10.0,A6,6.0,3.0,Corr3,7.0
132.0,26.0,10.0,A6,6.0,3.0,Corr3,8.0
133.0,27.0,10.0,A6,6.0,3.0,Corr3,8.0
134.0,28.0,10.0,A6,6.0,3.0,Corr3,8.0
135.0,29.0,10.0,A6,6.0,3.0,Corr3,9.0
136.0,30.0,10.0,A6,6.0,3.0,Corr3,9.0
137.0,31.0,10.0,A6,6.0,3.0,Corr3,9.0
138.0,32.0,10.0,A6,6.0,3.0,Corr3,10.0
12.0,12.0,14.0,A8,8.0,4.0,Corr4,3.0
21.0,33.0,14.0,A8,8.0,4.0,Corr4,10.0
168.0,5.0,14.0,A8,8.0,4.0,Corr4,1.0
169.0,6.0,14.0,A8,8.0,4.0,Corr4,1.0
170.0,7.0,14.0,A8,8.0,4.0,Corr4,1.0
171.0,8.0,14.0,A8,8.0,4.0,Corr4,2.0
172.0,9.0,14.0,A8,8.0,4.0,Corr4,2.0
173.0,10.0,14.0,A8,8.0,4.0,Corr4,2.0
174.0,11.0,14.0,A8,8.0,4.0,Corr4,3.0
175.0,13.0,14.0,A8,8.0,4.0,Corr4,3.0
176.0,14.0,14.0,A8,8.0,4.0,Corr4,4.0
177.0,15.0,14.0,A8,8.0,4.0,Corr4,4.0
178.0,16.0,14.0,A8,8.0,4.0,Corr4,4.0
179.0,17.0,14.0,A8,8.0,4.0,Corr4,5.0
180.0,18.0,14.0,A8,8.0,4.0,Corr4,5.0
181.0,19.0,14.0,A8,8.0,4.0,Corr4,5.0
182.0,20.0,14.0,A8,8.0,4.0,Corr4,6.0
183.0,21.0,14.0,A8,8.0,4.0,Corr4,6.0
184.0,22.0,14.0,A8,8.0,4.0,Corr4,6.0
185.0,23.0,14.0,A8,8.0,4.0,Corr4,7.0
186.0,24.0,14.0,A8,8.0,4.0,Corr4,7.0
187.0,25.0,14.0,A8,8.0,4.0,Corr4,7.0
188.0,26.0,14.0,A8,8.0,4.0,Corr4,8.0
189.0,27.0,14.0,A8,8.0,4.0,Corr4,8.0
190.0,28.0,14.0,A8,8.0,4.0,Corr4,8.0
191.0,29.0,14.0,A8,8.0,4.0,Corr4,9.0
192.0,30.0,14.0,A8,8.0,4.0,Corr4,9.0
193.0,31.0,14.0,A8,8.0,4.0,Corr4,9.0
194.0,32.0,14.0,A8,8.0,4.0,Corr4,10.0
13.0,12.0,18.0,A10,10.0,5.0,Corr5,3.0
22.0,33.0,18.0,A10,10.0,5.0,Corr5,10.0
224.0,5.0,18.0,A10,10.0,5.0,Corr5,1.0
225.0,6.0,18.0,A10,10.0,5.0,Corr5,1.0
226.0,7.0,18.0,A10,10.0,5.0,Corr5,1.0
227.0,8.0,18.0,A10,10.0,5.0,Corr5,2.0
228.0,9.0,18.0,A10,10.0,5.0,Corr5,2.0
229.0,10.0,18.0,A10,10.0,5.0,Corr5,2.0
230.0,11.0,18.0,A10,10.0,5.0,Corr5,3.0
231.0,13.0,18.0,A10,10.0,5.0,Corr5,3.0
232.0,14.0,18.0,A10,10.0,5.0,Corr5,4.0
233.0,15.0,18.0,A10,10.0,5.0,Corr5,4.0
234.0,16.0,18.0,A10,10.0,5.0,Corr5,4.0
235.0,17.0,18.0,A10,10.0,5.0,Corr5,5.0
236.0,18.0,18.0,A10,10.0,5.0,Corr5,5.0
237.0,19.0,18.0,A10,10.0,5.0,Corr5,5.0
238.0,20.0,18.0,A10,10.0,5.0,Corr5,6.0
239.0,21.0,18.0,A10,10.0,5.0,Corr5,6.0
240.0,22.0,18.0,A10,10.0,5.0,Corr5,6.0
241.0,23.0,18.0,A10,10.0,5.0,Corr5,7.0
242.0,24.0,18.0,A10,10.0,5.0,Corr5,7.0
243.0,25.0,18.0,A10,10.0,5.0,Corr5,7.0
244.0,26.0,18.0,A10,10.0,5.0,Corr5,8.0
245.0,27.0,18.0,A10,10.0,5.0,Corr5,8.0
246.0,28.0,18.0,A10,10.0,5.0,Corr5,8.0
247.0,29.0,18.0,A10,10.0,5.0,Corr5,9.0
248.0,30.0,18.0,A10,10.0,5.0,Corr5,9.0
249.0,31.0,18.0,A10,10.0,5.0,Corr5,9.0
250.0,32.0,18.0,A10,10.0,5.0,Corr5,10.0
14.0,12.0,22.0,A12,12.0,6.0,Corr6,3.0
23.0,33.0,22.0,A12,12.0,6.0,Corr6,10.0
280.0,5.0,22.0,A12,12.0,6.0,Corr6,1.0
281.0,6.0,22.0,A12,12.0,6.0,Corr6,1.0
282.0,7.0,22.0,A12,12.0,6.0,Corr6,1.0
283.0,8.0,22.0,A12,12.0,6.0,Corr6,2.0
284.0,9.0,22.0,A12,12.0,6.0,Corr6,2.0
285.0,10.0,22.0,A12,12.0,6.0,Corr6,2.0
286.0,11.0,22.0,A12,12.0,6.0,Corr6,3.0
287.0,13.0,22.0,A12,12.0,6.0,Corr6,3.0
288.0,14.0,22.0,A12,12.0,6.0,Corr6,4.0
289.0,15.0,22.0,A12,12.0,6.0,Corr6,4.0
290.0,16.0,22.0,A12,12.0,6.0,Corr6,4.0
291.0,17.0,22.0,A12,12.0,6.0,Corr6,5.0
292.0,18.0,22.0,A12,12.0,6.0,Corr6,5.0
293.0,19.0,22.0,A12,12.0,6.0,Corr6,5.0
294.0,20.0,22.0,A12,12.0,6.0,Corr6,6.0
295.0,21.0,22.0,A12,12.0,6.0,Corr6,6.0
296.0,22.0,22.0,A12,12.0,6.0,Corr6,6.0
297.0,23.0,22.0,A12,12.0,6.0,Corr6,7.0
298.0,24.0,22.0,A12,12.0,6.0,Corr6,7.0
299.0,25.0,22.0,A12,12.0,6.0,Corr6,7.0
300.0,26.0,22.0,A12,12.0,6.0,Corr6,8.0
301.0,27.0,22.0,A12,12.0,6.0,Corr6,8.0
302.0,28.0,22.0,A12,12.0,6.0,Corr6,8.0
303.0,29.0,22.0,A12,12.0,6.0,Corr6,9.0
304.0,30.0,22.0,A12,12.0,6.0,Corr6,9.0
305.0,31.0,22.0,A12,12.0,6.0,Corr6,9.0
306.0,32.0,22.0,A12,12.0,6.0,Corr6,10.0
15.0,12.0,26.0,A14,14.0,7.0,Corr7,3.0
24.0,33.0,26.0,A14,14.0,7.0,Corr7,10.0
336.0,5.0,26.0,A14,14.0,7.0,Corr7,1.0
337.0,6.0,26.0,A14,14.0,7.0,Corr7,1.0
338.0,7.0,26.0,A14,14.0,7.0,Corr7,1.0
339.0,8.0,26.0,A14,14.0,7.0,Corr7,2.0
340.0,9.0,26.0,A14,14.0,7.0,Corr7,2.0
341.0,10.0,26.0,A14,14.0,7.0,Corr7,2.0
342.0,11.0,26.0,A14,14.0,7.0,Corr7,3.0
343.0,13.0,26.0,A14,14.0,7.0,Corr7,3.0
344.0,14.0,26.0,A14,14.0,7.0,Corr7,4.0
345.0,15.0,26.0,A14,14.0,7.0,Corr7,4.0
346.0,16.0,26.0,A14,14.0,7.0,Corr7,4.0
347.0,17.0,26.0,A14,14.0,7.0,Corr7,5.0
348.0,18.0,26.0,A14,14.0,7.0,Corr7,5.0
349.0,19.0,26.0,A14,14.0,7.0,Corr7,5.0
350.0,20.0,26.0,A14,14.0,7.0,Corr7,6.0
351.0,21.0,26.0,A14,14.0,7.0,Corr7,6.0
352.0,22.0,26.0,A14,14.0,7.0,Corr7,6.0
353.0,23.0,26.0,A14,14.0,7.0,Corr7,7.0
354.0,24.0,26.0,A14,14.0,7.0,Corr7,7.0
355.0,25.0,26.0,A14,14.0,7.0,Corr7,7.0
356.0,26.0,26.0,A14,14.0,7.0,Corr7,8.0
357.0,27.0,26.0,A14,14.0,7.0,Corr7,8.0
358.0,28.0,26.0,A14,14.0,7.0,Corr7,8.0
359.0,29.0,26.0,A14,14.0,7.0,Corr7,9.0
360.0,30.0,26.0,A14,14.0,7.0,Corr7,9.0
361.0,31.0,26.0,A14,14.0,7.0,Corr7,9.0
362.0,32.0,26.0,A14,14.0,7.0,Corr7,10.0
16.0,12.0,30.0,A16,16.0,8.0,Corr8,3.0
25.0,33.0,30.0,A16,16.0,8.0,Corr8,10.0
392.0,5.0,30.0,A16,16.0,8.0,Corr8,1.0
393.0,6.0,30.0,A16,16.0,8.0,Corr8,1.0
394.0,7.0,30.0,A16,16.0,8.0,Corr8,1.0
395.0,8.0,30.0,A16,16.0,8.0,Corr8,2.0
396.0,9.0,30.0,A16,16.0,8.0,Corr8,2.0
397.0,10.0,30.0,A16,16.0,8.0,Corr8,2.0
398.0,11.0,30.0,A16,16.0,8.0,Corr8,3.0
399.0,13.0,30.0,A16,16.0,8.0,Corr8,3.0
400.0,14.0,30.0,A16,16.0,8.0,Corr8,4.0
401.0,15.0,30.0,A16,16.0,8.0,Corr8,4.0
402.0,16.0,30.0,A16,16.0,8.0,Corr8,4.0
403.0,17.0,30.0,A16,16.0,8.0,Corr8,5.0
404.0,18.0,30.0,A16,16.0,8.0,Corr8,5.0
405.0,19.0,30.0,A16,16.0,8.0,Corr8,5.0
406.0,20.0,30.0,A16,16.0,8.0,Corr8,6.0
407.0,21.0,30.0,A16,16.0,8.0,Corr8,6.0
408.0,22.0,30.0,A16,16.0,8.0,Corr8,6.0
409.0,23.0,30.0,A16,16.0,8.0,Corr8,7.0
410.0,24.0,30.0,A16,16.0,8.0,Corr8,7.0
411.0,25.0,30.0,A16,16.0,8.0,Corr8,7.0
412.0,26.0,30.0,A16,16.0,8.0,Corr8,8.0
413.0,27.0,30.0,A16,16.0,8.0,Corr8,8.0
414.0,28.0,30.0,A16,16.0,8.0,Corr8,8.0
415.0,29.0,30.0,A16,16.0,8.0,Corr8,9.0
416.0,30.0,30.0,A16,16.0,8.0,Corr8,9.0
417.0,31.0,30.0,A16,16.0,8.0,Corr8,9.0
418.0,32.0,30.0,A16,16.0,8.0,Corr8,10.0
17.0,12.0,34.0,A18,18.0,9.0,Corr9,3.0
26.0,33.0,34.0,A18,18.0,9.0,Corr9,10.0
549.0,5.0,34.0,A18,18.0,9.0,Corr9,1.0
550.0,5.0,34.0,A18,18.0,9.0,Corr9,1.0
551.0,6.0,34.0,A18,18.0,9.0,Corr9,1.0
552.0,6.0,34.0,A18,18.0,9.0,Corr9,1.0
553.0,7.0,34.0,A18,18.0,9.0,Corr9,1.0
554.0,7.0,34.0,A18,18.0,9.0,Corr9,1.0
555.0,8.0,34.0,A18,18.0,9.0,Corr9,2.0
556.0,8.0,34.0,A18,18.0,9.0,Corr9,2.0
557.0,9.0,34.0,A18,18.0,9.0,Corr9,2.0
558.0,9.0,34.0,A18,18.0,9.0,Corr9,2.0
559.0,10.0,34.0,A18,18.0,9.0,Corr9,2.0
560.0,10.0,34.0,A18,18.0,9.0,Corr9,2.0
561.0,11.0,34.0,A18,18.0,9.0,Corr9,3.0
562.0,11.0,34.0,A18,18.0,9.0,Corr9,3.0
603.0,13.0,34.0,A18,18.0,9.0,Corr9,3.0
604.0,13.0,34.0,A18,18.0,9.0,Corr9,3.0
605.0,14.0,34.0,A18,18.0,9.0,Corr9,4.0
606.0,14.0,34.0,A18,18.0,9.0,Corr9,4.0
607.0,15.0,34.0,A18,18.0,9.0,Corr9,4.0
608.0,15.0,34.0,A18,18.0,9.0,Corr9,4.0
609.0,16.0,34.0,A18,18.0,9.0,Corr9,4.0
610.0,16.0,34.0,A18,18.0,9.0,Corr9,4.0
611.0,17.0,34.0,A18,18.0,9.0,Corr9,5.0
612.0,17.0,34.0,A18,18.0,9.0,Corr9,5.0
613.0,18.0,34.0,A18,18.0,9.0,Corr9,5.0
614.0,18.0,34.0,A18,18.0,9.0,Corr9,5.0
615.0,19.0,34.0,A18,18.0,9.0,Corr9,5.0
616.0,19.0,34.0,A18,18.0,9.0,Corr9,5.0
617.0,20.0,34.0,A18,18.0,9.0,Corr9,6.0
618.0,20.0,34.0,A18,18.0,9.0,Corr9,6.0
619.0,21.0,34.0,A18,18.0,9.0,Corr9,6.0
620.0,21.0,34.0,A18,18.0,9.0,Corr9,6.0
621.0,22.0,34.0,A18,18.0,9.0,Corr9,6.0
622.0,22.0,34.0,A18,18.0,9.0,Corr9,6.0
623.0,23.0,34.0,A18,18.0,9.0,Corr9,7.0
624.0,23.0,34.0,A18,18.0,9.0,Corr9,7.0
625.0,24.0,34.0,A18,18.0,9.0,Corr9,7.0
626.0,24.0,34.0,A18,18.0,9.0,Corr9,7.0
627.0,25.0,34.0,A18,18.0,9.0,Corr9,7.0
628.0,25.0,34.0,A18,18.0,9.0,Corr9,7.0
629.0,26.0,34.0,A18,18.0,9.0,Corr9,8.0
630.0,26.0,34.0,A18,18.0,9.0,Corr9,8.0
631.0,27.0,34.0,A18,18.0,9.0,Corr9,8.0
632.0,27.0,34.0,A18,18.0,9.0,Corr9,8.0
633.0,28.0,34.0,A18,18.0,9.0,Corr9,8.0
634.0,28.0,34.0,A18,18.0,9.0,Corr9,8.0
635.0,29.0,34.0,A18,18.0,9.0,Corr9,9.0
636.0,29.0,34.0,A18,18.0,9.0,Corr9,9.0
637.0,30.0,34.0,A18,18.0,9.0,Corr9,9.0
638.0,30.0,34.0,A18,18.0,9.0,Corr9,9.0
639.0,31.0,34.0,A18,18.0,9.0,Corr9,9.0
640.0,31.0,34.0,A18,18.0,9.0,Corr9,9.0
641.0,32.0,34.0,A18,18.0,9.0,Corr9,10.0
642.0,32.0,34.0,A18,18.0,9.0,Corr9,10.0
999.0,0.0,0.0,,,0.0,,
